<?xml version="1.0" encoding="UTF-8"?>
<!DOCTYPE hibernate-configuration PUBLIC
		"-//Hibernate/Hibernate Configuration DTD 3.0//EN"
		"http://www.hibernate.org/dtd/hibernate-configuration-3.0.dtd">
<hibernate-configuration>
    <session-factory>
        <property name="hibernate.connection.driver_class">com.mysql.cj.jdbc.Driver</property>
        <property name="hibernate.connection.password">MySql@1994</property>
        <property name="hibernate.connection.url">jdbc:mysql://localhost:3306/ecommercedb</property>
        <property name="hibernate.connection.username">root</property>
        <property name="hibernate.dialect">org.hibernate.dialect.MySQL57Dialect</property>

		<!--<property name="show_sql">true</property>-->
		<property name="format_sql">true</property>
		<property name="use_sql_comments">true</property>


        <!-- Annotated POJOs -->
        <property name="hibernate.hbm2ddl.auto">update</property>
        <mapping class="com.demo.pojos.Category" />
        <mapping class="com.demo.pojos.Product" />
        <mapping class="com.demo.pojos.User" />
    </session-factory>
</hibernate-configuration>

